case_id,issue_type,requested_remediation,requested_expedite_usd,opened_at_utc,intake_priority
SCM-2026-801,late_delivery,supplier_corrective_action,0.00,2026-06-12T15:00:00Z,high
SCM-2026-802,quantity_shortage,expedite_backorder,1500.00,2026-06-11T17:00:00Z,critical
SCM-2026-803,damaged_receipt,quality_quarantine,0.00,2026-06-14T18:00:00Z,critical
SCM-2026-804,late_delivery,expedite_monitoring,500.00,2026-06-16T12:00:00Z,high
SCM-2026-805,delivery_confirmation,close_after_reconciliation,800.00,2026-06-19T18:00:00Z,medium
SCM-2026-806,quantity_shortage,supplier_debit_and_capa,0.00,2026-06-22T20:00:00Z,high
SCM-2026-807,overreceipt,inventory_correction,0.00,2026-06-24T19:00:00Z,medium
SCM-2026-808,supplier_risk_review,verify_supplier_qualification,300.00,2026-06-27T18:00:00Z,high
SCM-2026-809,quantity_shortage,supplier_debit_and_capa,0.00,2026-06-22T20:05:00Z,high
