case_id,po_id,supplier_id,supplier_name,supplier_tier,sku,ordered_qty,unit_cost_usd,original_required_date,receiving_site
SCM-2026-801,PO-801,SUP-A,Aurora Components,Gold,SKU-AX1,100,42.00,2026-06-10,YYC-01
SCM-2026-802,PO-802,SUP-B,Boreal Fasteners,Silver,SKU-BF2,250,18.00,2026-06-11,YYC-01
SCM-2026-803,PO-803,SUP-C,Canyon Medical Plastics,Gold,SKU-CM3,80,95.00,2026-06-14,YYC-02
SCM-2026-804,PO-804,SUP-D,Delta Motion Systems,Gold,SKU-DM4,150,33.00,2026-06-15,YYC-01
SCM-2026-805,PO-805,SUP-E,Evergreen Packaging,Silver,SKU-EP5,120,60.00,2026-06-20,YYC-03
SCM-2026-806,PO-806,SUP-F,Frontier Castings,Bronze,SKU-FC6,500,12.00,2026-06-22,YYC-02
SCM-2026-807,PO-807,SUP-G,Glacier Controls,Silver,SKU-GC7,60,25.00,2026-06-25,YYC-01
SCM-2026-808,PO-808,SUP-H,Harbour Industrial,Gold,SKU-HI8,200,14.00,2026-06-27,YYC-03
SCM-2026-809,PO-806,SUP-F,Frontier Castings,Bronze,SKU-FC6,500,12.00,2026-06-22,YYC-02
